,X1,Y1,Y2,X3,Y3,H,omega,phi,kappa,b1,b2,b3,b4,b5,b6,b7,b8,b9,det,dX1,dX2,dX3,dX4,dX5,dX6,dX7,dX8,dX9,SE
0,0.03245207,0.08904134,0.24404134,0.30245127,0.0896994,-0.36324325,2.473671185326444,0.01387682537835746,2.4315384150514063,-4.7102912967905165e-11,-2.9605532030909215e-09,-4.038213590678512e-09,-1.5618096746439214e-09,8.588909028439673e-10,-9.299475633994803e-10,1.6906906222247109e-09,-3.04756628266567e-09,1.972835918934157e-09,0.0034909276803456626,-1.3257887915035701e-09,-4.5438400876032955e-10,-4.779354652407036e-10,-3.343511093025654e-09,-1.0248858733492867e-09,4.161059006392078e-09,2.7434076419716578e-09,-7.1123917213579624e-09,1.787965085518358e-10,4.515418506051073e-17
1,0.03245207,0.08904134,0.24404134,0.30245127,0.0896994,-0.36324325,2.4736711893002634,0.013876824470353676,2.431538415461597,1.644858308697879e-10,-9.818845004656588e-10,-1.2928451519221715e-09,-7.47314578275482e-10,2.7908759747674594e-09,-8.20039869342537e-11,3.492463644672039e-09,-2.3262397008672053e-09,4.482191392346513e-09,0.00349092754496826,3.7796707308597327e-10,2.1655788381618174e-09,2.2478217536403494e-09,-2.683134246427241e-10,2.106498032040707e-09,5.852619810043819e-09,-1.671946930065016e-09,-6.103498983260859e-09,-2.7697039864741127e-10,4.8715526919842494e-17
2,0.03245207,0.08904134,0.24404134,0.30245127,0.0896994,-0.36324325,2.4736711880759223,0.013876825438362165,2.4315384148872865,6.490216070669098e-12,-3.1519545369585007e-09,-3.6346777953643746e-09,-1.6239806721607408e-09,2.6706318267955e-09,-1.2952888484019098e-09,3.095550808740466e-09,-2.2433001012345244e-09,3.540870294888032e-09,0.0034909276137301565,4.0330022142131073e-10,1.682248556539475e-09,1.6854936645748774e-09,-1.4140432486370487e-09,1.6819149073645188e-09,4.6438995961882355e-09,-3.1156692003172674e-10,-7.179063913458144e-09,3.611520681023708e-10,6.174569557962486e-17
3,0.03245207,0.08904134,0.24404134,0.30245127,0.0896994,-0.36324325,2.473671192687312,0.013876824023053569,2.431538414696512,-1.3068847079791208e-12,-2.6499457772805136e-09,-3.1129151725453297e-09,-5.563681459985759e-11,-1.0926970439584238e-10,-4.473549308769975e-11,-1.072657865308635e-10,-2.1892215817942429e-10,-2.0632569264211753e-10,0.0034909275071143614,-4.997864182661114e-10,2.2729801708732396e-09,2.272326728519253e-09,-2.056118454471112e-09,2.2195747935566484e-09,2.5229055114099728e-09,-5.4353317635288915e-09,-5.606498150693946e-09,5.731235832381224e-10,1.683149494146303e-17
4,0.03245207,0.08904134,0.24404134,0.30245127,0.0896994,-0.36324325,2.473671192325875,0.013876825192650401,2.4315384146441446,1.5527230039359374e-12,-3.4382157267734744e-09,-3.9509357205622404e-09,-1.2206775104606216e-09,-1.1694638868409157e-09,-1.1757281259683339e-09,-1.1201893648782324e-09,-1.3234944806761462e-09,-1.1437763791644073e-09,0.0034909275288946937,-6.359981498676915e-10,1.003436534189036e-09,1.0042128956910076e-09,-2.6114936579605335e-09,1.0123787817647488e-09,2.18334630344059e-09,-5.033738122410628e-09,-6.9060506548478354e-09,6.313096255801079e-10,3.598594511525922e-17
5,0.03245207,0.08904134,0.24404134,0.30245126,0.08969941,-0.36324324,2.473671188895775,0.01387681928206168,2.4315384154115964,3.842847858922276e-10,1.0113298640835587e-09,8.290958968753475e-10,-5.071739993256497e-09,-1.5091051741578099e-09,-4.619893717583423e-09,-9.818344748335761e-10,-6.1111888882692256e-09,-7.198418215670355e-10,0.0034909275044913597,3.1396461352428162e-09,-4.235573824190264e-09,-4.043431431005965e-09,3.554441846344541e-09,-4.336723624255057e-09,1.0223910171499072e-09,-1.2225130934944225e-09,-3.3872983596296445e-10,-2.2141439929215526e-10,9.003002665665903e-17
6,0.03245207,0.08904134,0.24404133,0.30245126,0.0896994,-0.36324324,2.473671188581106,0.013876822088048153,2.431538413230689,2.9315790834298775e-09,5.895469892905178e-09,4.794494379701109e-09,-1.3966850870295033e-09,1.672672028663058e-09,-1.765171120382547e-09,1.713573283268488e-09,-2.3101473789477467e-09,1.468449788849524e-09,0.0034909273506839806,1.2458180568472453e-09,2.005338659464751e-09,3.471128215041232e-09,3.6437525640231035e-09,1.7262674785999331e-09,-1.932800546843571e-09,-8.728810695721665e-10,-3.456492477598079e-09,2.201816123103091e-09,8.463174666153836e-17
7,0.03245207,0.08904134,0.24404134,0.30245127,0.0896994,-0.36324325,2.473671190906026,0.013876824867766195,2.43153841464658,-1.5903430006594756e-11,-2.631891757051009e-09,-3.440420582168502e-09,-3.41932891723129e-10,1.6905084554430516e-09,-1.5164322575422773e-10,1.965246680668553e-09,-1.1552443723861217e-09,1.9094015951681698e-09,0.0034909275517530807,-1.6730830141106752e-10,2.669434580579955e-09,2.661482865577066e-09,-1.886636442333174e-09,2.305403009937685e-09,4.217680288253516e-09,-3.45612657023588e-09,-6.545068241522564e-09,6.286038837328704e-10,3.0603932057850736e-17
8,0.03245207,0.08904134,0.24404134,0.30245126,0.08969941,-0.36324325,2.4736711874197663,0.013876818929687562,2.431538415291383,5.460461831800543e-11,9.152298426096212e-11,6.787754514837308e-11,-4.588205967936965e-09,-2.4235411177908617e-09,-3.888210947655679e-09,-1.4924245519964963e-09,-6.015864001396309e-09,-1.141368551754729e-09,0.0034909275599325955,1.8994361604398993e-09,-5.343342827487511e-09,-5.316040518323699e-09,1.9333884697663224e-09,-5.3488554998686345e-09,1.6475834478168601e-09,4.174945357130487e-10,5.2796863479235347e-11,-8.784398295724112e-11,8.178000830706253e-17
9,0.03245207,0.08904133,0.24404133,0.30245126,0.0896994,-0.36324324,2.4736711905300552,0.013876823990154928,2.43153841506121,1.5898796616149246e-11,-9.380099412459212e-11,-1.2249871898743718e-10,-1.7315206005119599e-09,1.6879826147953025e-09,-2.93844906740226e-09,-3.5651016860871465e-11,9.435954795300461e-11,2.2254063522519907e-10,0.003490927506973732,1.7338782222297164e-09,3.1504176624409925e-09,3.158367060749475e-09,1.6726400707559385e-09,3.1457444562719346e-09,-2.9706954312581026e-09,-3.038381226882437e-09,-5.569944258373409e-09,1.6790398756706229e-10,1.4565688207571407e-17
10,0.03245207,0.08904134,0.24404134,0.30245127,0.0896994,-0.36324325,2.4736711920076866,0.013876824873616246,2.431538414686524,2.0958817119108175e-12,-3.032442821322116e-09,-3.494492504005661e-09,-1.0481189943734037e-09,-1.8129567291857995e-10,-9.069126283289819e-10,-3.6604538844464685e-12,-1.4301232975633127e-09,8.834022402481878e-11,0.003490927528249432,-2.7831708947965205e-10,1.4462673703045965e-09,1.4473153111605591e-09,-2.0255677353335606e-09,1.4459455115614025e-09,3.078141258575178e-09,-4.680194268661945e-09,-6.551568337405629e-09,5.842214899658853e-10,2.5414173821004597e-17
11,0.03245207,0.08904133,0.24404133,0.30245126,0.0896994,-0.36324324,2.4736711881115085,0.013876820656748431,2.4315384144007086,1.843296796561818e-09,3.6858419139243952e-09,3.229721068776359e-09,3.591938343983081e-10,3.0578324594632278e-09,-6.908563443541738e-10,1.8493062012292505e-09,1.9224719038923865e-09,1.5219493304519105e-09,0.003490927426532044,1.3202686210233557e-09,4.174204940978601e-09,5.09585334473974e-09,2.9350535637758907e-09,4.207191549707942e-09,-4.277280518000334e-09,-3.511064595482203e-10,-1.866159198394814e-09,9.017941487970855e-10,4.6803075337729514e-17
12,0.03245206,0.08904134,0.24404134,0.30245126,0.0896994,-0.36324324,2.473671189199168,0.013876820595200423,2.4315384152015254,6.776564076907499e-11,9.203855969611161e-11,6.493072540541894e-11,-3.7134280719830493e-09,4.2417735157673775e-09,-4.859376512289515e-09,2.6404117225986568e-09,-1.5010744869314863e-09,2.3423308119496777e-09,0.0034909275246395787,5.280946009484412e-09,2.222244617496752e-09,2.2561274378886967e-09,5.313416450237318e-09,2.2202006947525247e-09,-2.1701452174718807e-09,-1.559618977649628e-09,-1.797772890276458e-09,1.1997791435847769e-11,7.012452228345161e-17
13,0.03245207,0.08904134,0.24404134,0.30245127,0.0896994,-0.36324325,2.4736711904172535,0.013876825603495372,2.4315384147585335,4.974649724412148e-12,-3.048271040728939e-09,-3.5066891777178084e-09,-3.3261150778063353e-10,-1.3786874419885464e-10,-2.675461241441468e-10,-7.224934539529215e-11,-5.644671674520652e-10,2.0397286637496848e-10,0.0034909275629008206,-1.3793092386715874e-09,1.7835611554749996e-09,1.7860484803372456e-09,-3.132674543966997e-09,1.7899289385387903e-09,2.382542525123187e-09,-2.9130461215126032e-09,-7.362545021294318e-09,5.04210985261535e-10,2.2155517289548022e-17
14,0.03245207,0.08904134,0.24404134,0.30245127,0.0896994,-0.36324325,2.473671190901212,0.013876825020901288,2.431538414758608,3.8328413024069805e-11,-3.958314071301168e-09,-4.629004484251269e-09,-2.6842439382335215e-10,-3.4884872768259356e-12,-5.149386472780293e-11,2.702659207542979e-10,-4.3884057498999596e-10,1.4654507121680815e-10,0.003490927567241651,-1.1160552685425998e-09,1.7340032961351963e-09,1.7531675026496006e-09,-3.430463101256747e-09,1.6924553828248496e-09,3.1730894659726062e-09,-3.4507780300453457e-09,-6.715217763461899e-09,5.041276727809068e-10,3.745921748844829e-17
15,0.03245207,0.08904134,0.24404134,0.30245127,0.0896994,-0.36324324,2.473671186050241,0.013876826097454038,2.4315384139183225,1.0547311456121287e-09,1.8470253907968046e-09,1.4873998637692723e-09,-1.6342259281931781e-09,1.3162426426571727e-09,-2.3208904798011076e-09,6.849840486489178e-10,-1.7256538975551905e-09,1.4813016160908354e-09,0.0034909275373300208,-6.029674860126006e-10,1.8154696975272935e-09,2.3428352721276446e-09,1.4081357518242696e-10,1.7830900621664178e-09,-1.9442158687672636e-09,1.939191995040955e-09,-7.911387866801356e-09,1.4377788581593352e-09,2.2167379635356823e-17
16,0.03245207,0.08904134,0.24404134,0.30245127,0.0896994,-0.36324325,2.473671183319955,0.013876824722022603,2.4315384152122177,1.824402412296766e-10,-1.6986279299891367e-09,-2.0889806859633904e-09,3.5079706500740215e-10,3.078196475492234e-09,6.264474217143601e-10,3.4229528378393326e-09,-1.8263401901918996e-10,4.246496310839065e-09,0.003490927682230026,-1.7401003820461215e-09,1.9440050448827243e-09,2.035225165551247e-09,-2.78453412307663e-09,1.9195104672989513e-09,2.792156663218222e-09,4.972841033722843e-09,-6.383131035730934e-09,1.1781211666697402e-13,4.705594232015562e-17
17,0.03245206,0.08904134,0.24404134,0.30245126,0.0896994,-0.36324324,2.473671189249014,0.013876820896850581,2.431538415170669,1.2663817127561527e-11,2.3753284084211915e-11,2.0159799755485132e-11,-3.768271888970887e-09,4.618425641922386e-09,-5.045755202548463e-09,2.8421212050488975e-09,-1.3472707949269136e-09,2.547798968327575e-09,0.0034909275270232167,5.474010248616476e-09,2.627958330190954e-09,2.6342902387549933e-09,5.48409009641015e-09,2.627991983835705e-09,-2.406888557669764e-09,-1.6150017083304278e-09,-2.1329399873476198e-09,4.628278680214459e-11,7.737457613357715e-17
18,0.03245207,0.08904134,0.24404134,0.30245127,0.0896994,-0.36324324,2.473671192236163,0.01387682465293021,2.4315384150499435,8.216993393949495e-14,-1.2033871576963946e-11,-1.3919061376739177e-11,-1.4025997099875731e-09,-4.255357177740393e-10,-2.2097543239674167e-09,-1.6441949954315582e-09,-5.892324128620174e-10,-1.0826884458414732e-09,0.0034909274711740833,4.5432097251901965e-10,2.230578470567117e-09,2.2306195555340866e-09,4.4736144419801874e-10,2.2305690181650494e-09,-1.7994665779975602e-09,-4.934057620457486e-09,-6.306361456833634e-09,1.8042184791240841e-10,1.1254505617066026e-17
19,0.03245207,0.08904134,0.24404134,0.30245127,0.0896994,-0.36324325,2.4736711915338168,0.013876824789227618,2.4315384148406674,3.3288336245202427e-11,-2.2386085482649e-09,-2.25635641857867e-09,-1.6330904684114245e-10,1.3456480374429702e-10,-1.074368094489131e-10,1.58588760179601e-10,-3.6936226299744135e-10,7.340755711626734e-10,0.0034909275179517032,-8.150739981052005e-10,2.197543975951582e-09,2.2141881440759707e-09,-1.9439798887365683e-09,2.4947336913033536e-09,2.5681473114562013e-09,-4.15367009364016e-09,-6.457803206197291e-09,4.1295104938732994e-10,1.0860386652926984e-17
20,0.03245197,0.08904142,0.24404142,0.30245117,0.08969948,-0.36324305,2.4736713622494686,0.013877066401998789,2.431538403312028,2.7307905041183287e-15,-1.494785833160842e-08,-1.721772004805557e-08,-2.5696498344440766e-07,-1.3369244308836237e-07,-3.051683754584644e-07,-2.0265498024141237e-07,-1.9117839825111282e-07,-1.8915522298143528e-07,0.0034909245350370588,1.1009967408123351e-07,-9.02668265543625e-08,-9.026682518896725e-08,1.0149078876231404e-07,-9.026682671684406e-08,-2.101934427348098e-07,-1.938376205109419e-07,-2.749164862247294e-07,1.322253306662283e-08,2.9095021714349793e-13
21,0.03245207,0.08904134,0.24404134,0.30245127,0.0896994,-0.36324325,2.4736711840114327,0.013876820599525332,2.431538416596174,5.035861736573684e-10,3.831943694116112e-10,9.420761496006893e-11,2.6116626153371847e-09,-1.7243329542004915e-09,4.047047197364151e-09,-1.7124524714917655e-10,4.098588135548198e-10,1.0475425353539958e-09,0.0034909276152491676,-4.628670430444866e-09,-1.2890811696973306e-09,-1.0372880824596157e-09,-4.58144058613319e-09,-1.3407357767139798e-09,3.3649171402563115e-09,4.204531856970638e-09,-1.802578492520157e-09,-1.537611920280301e-09,2.787666334984441e-17
22,0.03245206,0.08904134,0.24404134,0.30245126,0.08969941,-0.36324325,2.473671188128048,0.013876819325459956,2.431538415177813,3.887571268485831e-13,-1.609530658092267e-10,-1.8558683396647706e-10,-5.374225932330834e-09,-6.753736736531124e-10,-4.9810496283164696e-09,-1.438396554642729e-10,-6.225677279259045e-09,5.0688710173663054e-11,0.0034909275516969577,3.533158894018836e-09,-4.201464764210258e-09,-4.201270385646834e-09,3.440365138873481e-09,-4.201439087361511e-09,1.6903667761478966e-09,-3.694837995377886e-10,-3.8695030306351343e-10,3.834463582824019e-11,9.299195466132521e-17
23,0.03245206,0.08904134,0.24404134,0.30245126,0.0896994,-0.36324325,2.473671185959849,0.013876819653716397,2.431538415258518,1.343948921684485e-10,5.363519560604715e-12,7.513974010898827e-11,-3.6690360125102295e-09,3.983242014005128e-09,-3.605832993303082e-09,4.072949491562561e-09,-3.677063736828856e-09,4.355047031334713e-09,0.003490927588203924,4.1213194835529746e-09,-3.5800391815599117e-10,-2.908064720426347e-10,4.1585799897059204e-09,-2.3102829539278168e-10,2.2556550921680514e-09,2.039625637918575e-09,-7.516793659893236e-10,-5.1327363679352227e-11,9.142996044441116e-17
24,0.03245207,0.08904134,0.24404134,0.30245127,0.0896994,-0.36324325,2.4736711932490847,0.013876823242604766,2.4315384147010306,-6.822723389838588e-13,-2.298819271774472e-09,-2.6371404545685355e-09,-1.5965479702173546e-09,1.214421535555843e-09,-1.977072450198847e-09,6.894101123311458e-10,-9.266058476065098e-10,3.8366180718507614e-10,0.003490927486864013,1.89072005798112e-09,2.48886229931075e-09,2.4885211631412587e-09,5.721239099875048e-10,2.4978931623914527e-09,1.5217468695311947e-09,-6.059524280194564e-09,-4.73933339986617e-09,5.681030076549434e-10,2.1652761929556976e-17
25,0.03245207,0.08904134,0.24404134,0.30245127,0.0896994,-0.36324325,2.4736711941203895,0.01387682325828678,2.4315384146320933,2.5804985388654426e-11,-2.1781681942213766e-09,-2.527676833273694e-09,-1.4392335934143574e-10,-7.209392804963244e-10,-6.779357630826155e-11,-6.208073013991289e-10,-5.337617847711584e-10,-7.382915147291502e-10,0.00349092746584536,-1.8025170999112036e-10,1.9755291025654864e-09,1.988431595260888e-09,-1.4440853861367715e-09,1.9720463761422203e-09,2.717898846928216e-09,-7.027640940979911e-09,-4.756757741187241e-09,6.447003081375291e-10,1.2894673810646022e-17
26,0.03245207,0.08904134,0.24404134,0.30245126,0.0896994,-0.36324325,2.4736711877873434,0.01387681898804237,2.431538415212774,3.670898710454147e-14,-4.3336627605515005e-12,-5.1185393372347955e-12,-1.6219178083920482e-10,4.803058506475111e-09,3.1812863454661056e-10,5.4535878243888725e-09,-1.1841153613190158e-09,5.688850383822608e-09,0.003490927555646568,2.3412957423199937e-09,2.223721961172665e-09,2.2237403156662173e-09,2.338736689679126e-09,2.223629797410077e-09,5.250259681224915e-09,9.077611347759211e-12,-1.2041434964549714e-11,-5.00827303031402e-13,8.670369603669148e-17
27,0.03245206,0.08904133,0.24404133,0.30245126,0.0896994,-0.36324324,2.4736711888029017,0.013876822546152204,2.431538414977585,-9.367506770274758e-13,-1.6922783289012745e-09,-1.989816850384224e-09,-3.1314294907103246e-09,5.01793362417402e-09,-4.102863965238512e-09,3.6934479641370643e-09,-1.1041840775050105e-09,3.319568352838642e-09,0.003490927569646522,4.395690894485052e-09,3.1574782538286766e-09,3.157009878490164e-09,3.400866761406082e-09,3.1216828692224325e-09,-3.9755515857296974e-10,-1.1193198673629299e-09,-3.965496951580332e-09,2.6082082691171613e-10,8.452249353717461e-17
28,0.03245207,0.08904134,0.24404134,0.30245127,0.0896994,-0.36324325,2.473671187243665,0.013876820186711256,2.431538415226666,2.648249003602044e-11,-2.364165936973845e-10,-2.872409614689346e-10,-1.180907038822454e-10,3.840892520701189e-09,9.57995460737493e-10,5.281834122849993e-09,-2.4447359692203463e-09,5.988600372541786e-09,0.0034909275720887726,1.0592994813043664e-09,1.1238187074017736e-09,1.137059952420915e-09,9.156781191633615e-10,1.1240053519562072e-09,7.494785854108555e-09,6.131624240487665e-10,-1.3438961625350697e-09,-1.5936509827155975e-11,8.556109765322487e-17
29,0.03245207,0.08904134,0.24404134,0.30245127,0.0896994,-0.36324324,2.4736711852584525,0.013876825889809425,2.4315384150426382,-4.2062075149061226e-11,-2.146200107594065e-09,-3.2548184826354363e-09,-7.161562315394221e-11,1.0862719335147375e-09,-4.46449377466962e-10,5.488926951846551e-10,1.719684672440991e-10,5.655866608389459e-10,0.0034909276708166726,-2.095376269945879e-09,1.9218409353093413e-09,1.9008098977376645e-09,-3.7210777511209197e-09,1.2191806163426296e-09,-4.1509713265109233e-10,2.8189544420226568e-09,-7.680671870383121e-09,1.8853900271215363e-10,1.7236964648042384e-17
30,0.03245207,0.08904134,0.24404134,0.30245127,0.0896994,-0.36324325,2.473671191667799,0.013876825261496516,2.43153841468465,3.1784610785639566e-15,-3.2495357333864726e-09,-3.742941245009911e-09,-6.414476935723279e-10,2.48413900560962e-10,-5.265389235731277e-10,3.896823280724604e-10,-9.375816234502565e-10,4.96180870696028e-10,0.003490927539807944,-5.662249462592135e-10,1.9981914430693173e-09,1.9981930322998567e-09,-2.43770120846967e-09,1.998230047909162e-09,3.194396165324161e-09,-4.302540341842841e-09,-6.9825459507419765e-09,5.863038603654291e-10,2.6596606567668984e-17
31,0.03245207,0.08904134,0.24404134,0.30245127,0.0896994,-0.36324325,2.4736711911677256,0.013876824935886616,2.4315384148774726,4.976758252817787e-11,-1.8215847283583654e-09,-1.9547729176080013e-09,-2.8743961377752925e-10,7.690602876753161e-10,-2.024505840747537e-10,8.246582583470996e-10,-7.505348564862402e-10,1.4452039599766042e-09,0.0034909275208560844,-5.419134432975887e-10,2.4106245253541014e-09,2.435508316622185e-09,-1.519667650105352e-09,2.5603193246829337e-09,2.9826303250869935e-09,-3.746904655434652e-09,-6.620757532285972e-09,3.72056448182571e-10,1.1188824690705791e-17
32,0.03245206,0.08904134,0.24404134,0.30245126,0.0896994,-0.36324324,2.473671188279747,0.013876819816538396,2.431538415339659,2.2940923354523634e-10,4.640904488145174e-10,4.4434785069542895e-10,-3.5012009125257038e-09,4.813247217461125e-09,-4.537947823068933e-09,3.346539212412125e-09,-1.3229330686481688e-09,3.054232988047856e-09,0.0034909275303177515,5.422893442237471e-09,2.2198668946856375e-09,2.3345715115431406e-09,5.644981156168724e-09,2.2555096535434967e-09,-1.969408009894707e-09,-5.38038745925447e-10,-9.325924640996769e-10,-1.414837447518547e-10,7.876199635431302e-17
33,0.03245207,0.08904134,0.24404134,0.30245127,0.0896994,-0.36324325,2.4736711920538097,0.013876824770810765,2.4315384149737134,9.21036096852711e-11,-2.24539335856334e-09,-2.806265456637383e-09,-9.458526670225176e-10,-2.7632560128942885e-10,-3.5410346876929566e-10,4.2454326165675127e-10,-2.390124598239396e-09,8.218746204435856e-10,0.003490927513258187,-4.93750943218662e-10,9.88545611588946e-10,1.0345974164452641e-09,-1.896532783314991e-09,8.428717747441999e-10,4.8299073396786085e-09,-4.7314419221053155e-09,-6.437339630315449e-09,2.651219418157622e-10,2.0590193062806127e-17
34,0.03245207,0.08904134,0.24404134,0.30245127,0.0896994,-0.36324324,2.47367119374076,0.013876824815302752,2.4315384146192955,4.666227082147833e-12,-2.205999896865945e-09,-2.5450089052653017e-09,-2.7431308405323485e-09,-2.1289367768684286e-09,-3.1670995548349623e-09,-2.723969487472555e-09,-2.273394889007463e-09,-2.7505938499094995e-09,0.003490927477421762,6.974871364541694e-10,2.6523328657736413e-10,2.6756640011847313e-10,-5.750182102670365e-10,2.640518608448875e-10,-2.8549461250949917e-10,-6.605831211528808e-09,-6.48677539912345e-09,6.589201178880168e-10,5.35852864621526e-17
35,0.03245261,0.08904034,0.24404034,0.30245264,0.08969842,-0.36324432,2.4736728763037967,0.013879902019477728,2.4315381682757495,-3.417315713559421e-11,-1.588692658313548e-06,-1.8399990613453623e-06,-1.1274270329819647e-08,-3.172202750478803e-09,-2.0674719714008916e-09,2.060944706561152e-09,-5.1428609482151444e-08,3.513642747934864e-08,0.003490924423128435,-6.012726417008723e-07,1.1032307139323732e-06,1.1032136273538074e-06,-1.521250372158578e-06,1.0944513456151211e-06,1.1975635268345676e-06,-1.876092486035038e-06,-3.425598218734988e-06,2.7437147877114054e-07,5.913566073883463e-12
36,0.03245207,0.08904134,0.24404134,0.30245127,0.0896994,-0.36324324,2.473671193493089,0.013876824123882841,2.4315384153165,7.968786920653863e-11,1.646968556532782e-10,1.29422450123184e-10,-2.2517050238257674e-09,-4.5238026380456375e-09,-1.9029941789039384e-09,-4.269745820795201e-09,-3.7127735330599876e-09,-3.250012228089849e-09,0.0034909274384740834,-9.308463299149757e-10,-1.8539449032861024e-09,-1.814100968672591e-09,-8.661036408701284e-10,-1.8667754858959264e-09,1.1005824994482967e-09,-6.330638688875052e-09,-5.718530703513977e-09,-1.1575178835871246e-10,7.178457421333217e-17
37,0.03245207,0.08904133,0.24404133,0.30245126,0.0896994,-0.36324324,2.4736711932485855,0.013876822870426693,2.431538415378495,6.236137726283749e-10,1.2021138818208055e-09,1.03919948777918e-09,-3.3285178779873803e-10,7.302267401865237e-10,-7.54697582205921e-10,-5.222133142579466e-11,7.723202632980986e-11,3.621130305331288e-10,0.0034909274054242224,1.000286125762084e-09,3.2601921121107968e-09,3.5719989990522328e-09,1.5198640144513664e-09,3.269792760907954e-09,-2.8273479841734995e-10,-6.0589686171251605e-09,-4.325801737821994e-09,-1.846351441008041e-10,4.2673150432190836e-18
38,0.03245206,0.08904134,0.24404134,0.30245126,0.0896994,-0.36324324,2.473671188530201,0.013876820133461847,2.431538415440154,1.8209562442146835e-10,3.4339970131492345e-10,3.3471014026242034e-10,-5.656753350458121e-09,-1.3188752867598907e-10,-6.15187664698702e-09,-9.055045671613193e-10,-4.6090795347009106e-09,-8.634422968278876e-10,0.0034909275291529216,4.302175689564083e-09,-2.6452957970851452e-09,-2.554247984820929e-09,4.469439430880293e-09,-2.607620242595092e-09,-2.335144928802872e-09,-8.163208099404821e-10,-1.2847301491768546e-09,-2.531449870742065e-10,9.293403739547501e-17
39,0.03245207,0.08904133,0.24404133,0.30245127,0.0896994,-0.36324324,2.4736711893391905,0.013876821775485163,2.4315384149862944,2.34364499133775e-12,-1.4907948937490982e-09,-1.658507179328431e-09,8.304111981383144e-10,4.672847969677818e-09,2.0165111247472112e-10,3.814847347738404e-09,2.1962007490383684e-09,3.57275695486714e-09,0.003490927551966995,1.4515653723899901e-09,5.10206861885094e-09,5.103240441346617e-09,6.221819388603047e-10,5.154333122856062e-09,9.559572021194055e-10,-1.715197602241453e-09,-3.1092003986201987e-09,2.511435805087588e-10,5.967982532383703e-17
40,0.03245207,0.08904133,0.24404133,0.30245127,0.0896994,-0.36324325,2.473671191867451,0.013876824374571597,2.4315384147127426,1.8070939010416874e-11,-3.947861955172512e-09,-5.120582918588317e-09,3.792486880094259e-10,7.147689939923652e-10,3.7006250841464805e-10,6.918506739728159e-10,4.979285594952643e-10,-1.1499763294398058e-10,0.0034909275545922077,-7.141655113988141e-10,2.945882759887863e-09,2.9549182293935978e-09,-3.273269627005359e-09,2.455614320290973e-09,2.7406946096208734e-09,-4.524375387916316e-09,-5.9970739767968165e-09,5.550897441336018e-10,4.333779520535794e-17
41,0.03245207,0.08904134,0.24404134,0.30245127,0.0896994,-0.36324325,2.473671193148812,0.013876823664212352,2.43153841470974,2.9140914591779634e-11,-2.447106379626356e-09,-2.8569502730635816e-09,-6.518638753783002e-10,5.117430645906751e-10,-2.3467852661163136e-10,1.058890156113712e-09,-1.6679320979928747e-09,1.1449833824117572e-09,0.003490927491715203,3.2764452669449035e-10,1.8367238616197194e-09,1.8512943189169788e-09,-1.1007890176862925e-09,1.8179212019274533e-09,4.8547358081025216e-09,-5.9481118007058686e-09,-5.207786300154514e-09,5.584256658502369e-10,2.010745796813031e-17
42,0.03245207,0.08904134,0.24404134,0.30245127,0.0896994,-0.36324325,2.473671191784486,0.013876824561317109,2.431538414703726,1.6704827485438596e-13,-3.0778434909695936e-09,-3.532535221130296e-09,-3.045545066138189e-11,4.4524273157264815e-11,5.762335053560719e-13,7.689392178544807e-11,-1.0359593738407114e-10,6.143967279381712e-11,0.003490927533085333,-8.424066561381249e-10,2.243861840010103e-09,2.2439453641475302e-09,-2.6087066305730685e-09,2.2549928030437405e-09,2.5593248919050514e-09,-4.432193538618291e-09,-6.204568865827104e-09,5.651083312936385e-10,2.1975255575598355e-17
43,0.03245207,0.08904134,0.24404134,0.30245127,0.0896994,-0.36324325,2.4736711829261604,0.013876819686713353,2.431538415822399,1.9639428971984787e-10,-6.040842174463189e-10,-6.889318847912727e-10,1.477497027502217e-09,4.3903952973156635e-09,2.458290515594541e-09,5.5996145081893545e-09,1.3943446397490789e-10,6.321830742922474e-09,0.003490927660915351,-6.236841409377374e-10,1.4762099589878095e-09,1.5744071039099443e-09,-9.68404036674476e-10,1.5799856285561416e-09,5.498056847038909e-09,5.410390893945608e-09,-7.883426229793137e-10,-6.778618139338352e-10,9.972054474494421e-17
44,0.03245207,0.08904134,0.24404134,0.30245127,0.0896994,-0.36324324,2.473671184280511,0.0138768241485901,2.431538416874976,1.1737515977082762e-09,2.150058980443764e-09,1.824533528375864e-09,-1.240774996635885e-09,-2.620772654449155e-09,-1.1256266474468646e-09,-3.0099094328051024e-09,-1.0501670921758688e-09,-1.476127119842685e-09,0.0034909275614297846,-2.5484032586931978e-09,-1.685524298917318e-09,-1.0986484978410949e-09,-1.6361739954599832e-09,-1.669024933927442e-09,-3.6980643509581875e-09,3.9055587416346574e-09,-5.745983199585852e-09,-1.8473921587440984e-09,3.1345733265818313e-17
45,0.03245207,0.08904134,0.24404134,0.30245127,0.0896994,-0.36324324,2.473671180688481,0.013876819293054402,2.4315384141029046,2.434979637277296e-10,8.792674519879268e-10,8.705640118254496e-10,8.485154245896354e-11,3.559286199106282e-11,-2.2196383619998983e-10,7.270570950845823e-11,5.3867327265422205e-11,1.3153756209249856e-10,0.0034909276822084586,-1.9282819238505416e-09,-1.4727417935895556e-09,-1.3509928116300597e-09,-1.4929921935052811e-09,-1.4753803334884762e-09,-2.7318352992468704e-09,7.896701135773694e-09,-3.509440251760612e-10,1.232687853717819e-09,1.6735087291965958e-18
46,0.03245207,0.08904134,0.24404134,0.30245127,0.0896994,-0.36324324,2.473671181235902,0.013876820295075046,2.4315384138046654,2.3570607159621505e-09,4.917590405980763e-09,4.258932250077328e-09,5.144039222360064e-10,-4.855904567335756e-10,3.1457164650916525e-10,-2.389042436101718e-10,-9.78397918238727e-12,-1.1502055557999213e-10,0.003490927533915717,-2.5739003018765126e-09,-6.896403690493737e-10,4.888899978925647e-10,-4.443046690432083e-10,-7.401745498060181e-10,-4.495720379339651e-09,7.288456716956491e-09,-1.4643001872391505e-09,1.5640644021845088e-09,4.854670003021431e-17
47,0.03245206,0.08904134,0.24404134,0.30245126,0.0896994,-0.36324325,2.4736711888606977,0.013876819777334591,2.431538415487681,1.0955076451725544e-10,2.962764010547997e-10,2.722263258435896e-10,-3.1873446035279862e-09,3.8649261846490646e-09,-2.7803942759252465e-09,4.2997185811799454e-09,-4.0476751672624545e-09,4.69672182742964e-09,0.0034909275256361566,4.262725903230856e-09,3.1115174956100113e-10,3.659271318389859e-10,4.3988530923643674e-09,3.055627956184445e-10,4.453538774330918e-09,-1.1835391491299536e-09,-8.890334086556153e-10,-3.0595253952565995e-10,8.993175067360467e-17
48,0.03245207,0.08904134,0.24404134,0.30245127,0.0896994,-0.36324325,2.4736711916470715,0.01387682446632277,2.4315384147272194,-2.464627964081681e-12,-2.8991693379689147e-09,-3.2361698711737937e-09,3.877323670464783e-10,7.718586880756106e-11,5.413078874028088e-10,2.7233103272461534e-10,5.465683461380877e-11,4.33683956801989e-10,0.003490927531418983,-1.1949551305625618e-09,2.338063326149145e-09,2.3368310121671138e-09,-2.8132610368780727e-09,2.4267581759580053e-09,3.0871980513189288e-09,-4.279510167347865e-09,-6.099019709089843e-09,5.390043203327115e-10,1.9592525970808946e-17
49,0.03245207,0.08904134,0.24404134,0.30245127,0.0896994,-0.36324324,2.4736711802737106,0.013876818476870612,2.431538415208027,9.529628430457371e-11,3.835901764143614e-10,2.885731776992707e-10,-5.620404142092639e-11,4.0292963410237803e-10,-9.298442571470389e-11,4.878429674115559e-10,1.176484742959616e-10,6.211913032572181e-10,0.0034909277045862895,-1.4266353758308567e-09,-1.839543322507753e-09,-1.791895180340819e-09,-1.2821386452423173e-09,-1.925587109406117e-09,-2.1089496205503636e-09,8.357557165554878e-09,5.559269479012159e-10,4.774023326061187e-12,1.0513651314662096e-18
